show_id,type,title(Upper),title(Trim),title(Proper),title,director,cast,country,date_added,release_year,rating,duration,listed_in,description
s16,TV Show,DEAR WHITE PEOPLE,Dear White People,Dear White People,Dear White People,SRV,"Logan Browning, Brandon P. Bell, DeRon Horton, Antoinette Robertson, John Patrick Amedori, Ashley Blaine Featherson, Marque Richardson, Giancarlo Esposito",United States,"September 22, 2021",2021,TV-MA,4 Seasons,"TV Comedies, TV Dramas","Students of color navigate the daily slights and slippery politics of life at an Ivy League college that's not nearly as ""post-racial"" as it thinks."
s56,TV Show,NAILED IT,Nailed It,Nailed It,Nailed It,SRV,"Nicole Byer, Jacques Torres",United States,"September 15, 2021",2021,TV-PG,6 Seasons,Reality TV,"Home bakers with a terrible track record take a crack at re-creating edible masterpieces for a $10,000 prize. It's part reality contest, part hot mess."
s66,TV Show,NUMBERBLOCKS,Numberblocks,Numberblocks,Numberblocks,SRV,"Beth Chalmers, David Holt, Marcel McCalla, Teresa Gallagher",United Kingdom,"September 15, 2021",2021,TV-Y,6 Seasons,Kids' TV,"In a place called Numberland, math adds up to tons of fun when a group of cheerful blocks work, play and sing together."
s83,TV Show,LUCIFER,Lucifer,Lucifer,Lucifer,SRV,"Tom Ellis, Lauren German, Kevin Alejandro, D.B. Woodside, Lesley-Ann Brandt, Scarlett Estevez, Rachael Harris, Aimee Garcia, Tricia Helfer, Tom Welling, Jeremiah W. Birkett, Pej Vahdat, Michael Gladis",United States,"September 10, 2021",2021,TV-14,6 Seasons,"Crime TV Shows, TV Comedies, TV Dramas","Bored with being the Lord of Hell, the devil relocates to Los Angeles, where he opens a nightclub and forms a connection with a homicide detective."
s90,TV Show,MIGHTY RAJU,Mighty Raju,Mighty Raju,Mighty Raju,SRV,"Julie Tejwani, Sabina Malik, Jigna Bhardwaj, Rupa Bhimani, Lalit Agarwal, Rajesh Shukla, Rajesh Kava",,"September 9, 2021",2017,TV-Y7,4 Seasons,Kids' TV,"Born with superhuman abilities, young Raju wants to use his powers to make the world a better place ‚Äî but that will mean facing plenty of challenges!"
s161,TV Show,MAJOR DAD,Major Dad,Major Dad,Major Dad,SRV,"Gerald McRaney, Shanna Reed, Nicole Dubuc, Chelsea Hertford, Marisa Ryan, Matt Mulhern, Beverly Archer, Jon Cypher",United States,"September 1, 2021",1992,TV-PG,4 Seasons,TV Comedies,"When he marries a journalist and becomes stepdad to her daughters, a U.S. Marine finds his once-orderly life no longer entirely under his command."
s221,TV Show,FAMILY REUNION,Family Reunion,Family Reunion,Family Reunion,SRV,"Loretta Devine, Tia Mowry-Hardrict, Anthony Alabi, Talia Jackson, Isaiah Russell-Bailey, Cameron J. Wright, Jordyn Raya James, Richard Roundtree",United States,"August 26, 2021",2021,TV-PG,4 Seasons,"Kids' TV, TV Comedies","When the McKellan family moves from Seattle to small-town Georgia, life down South ‚Äì and traditional grandparents ‚Äì challenge their big-city ways."
s339,TV Show,HUNTER X HUNTER (2011),Hunter X Hunter (2011),Hunter X Hunter (2011),Hunter X Hunter (2011),SRV,"Megumi Han, Mariya Ise, Keiji Fujiwara, Miyuki Sawashiro, Daisuke Namikawa",Japan,"August 1, 2021",2014,TV-14,6 Seasons,"Anime Series, International TV Shows","To fulfill his dreams of becoming a legendary Hunter like his dad, a young boy must pass a rigorous examination and find his missing father."
s387,TV Show,MIGHTY EXPRESS,Mighty Express,Mighty Express,Mighty Express,SRV,"Jay Hatton, Zoe Hatz, Meesha Contreras, Dylan Shombing, Tyler Nathan, Leo Orgil, Michela Luci, Ian Ho, Evan Lefeuvre, Annick Obonsawin","United States, Canada","July 27, 2021",2021,TV-Y,4 Seasons,Kids' TV,Catch a ride with the Mighty Express ‚Äî a team of trains and their kid friends who overcome trouble on the tracks with quick thinking and teamwork!
s392,TV Show,WYNONNA EARP,Wynonna Earp,Wynonna Earp,Wynonna Earp,SRV,"Melanie Scrofano, Shamier Anderson, Tim Rozon, Dominique Provost-Chalkley, Michael Eklund, Katherine Barrell, Greg Lawson, Natascha Girgis","Canada, United States","July 26, 2021",2020,TV-MA,4 Seasons,"International TV Shows, TV Action & Adventure, TV Dramas",The outcast descendant of lawman Wyatt Earp teams up with an immortal Doc Holliday to rid the world of demonic revenants from the Wild West.
s478,TV Show,ATYPICAL,Atypical,Atypical,Atypical,SRV,"Jennifer Jason Leigh, Keir Gilchrist, Michael Rapaport, Brigette Lundy-Paine, Amy Okuda, Jenna Boyd, Graham Rogers, Nik Dodani",United States,"July 9, 2021",2021,TV-14,4 Seasons,"TV Comedies, TV Dramas, Teen TV Shows","When a teen on the autism spectrum decides to get a girlfriend, his bid for more independence puts his whole family on a path of self-discovery."
s513,TV Show,CODE LYOKO,Code Lyoko,Code Lyoko,Code Lyoko,SRV,"Raphaelle Bruneau, Sophie Landresse, Marie-Line Landerwyn, G√©raldine Frippiat, Carole Baillien, Bruno Mullenaerts, Fr√©d√©ric Meaux","France, Belgium","July 6, 2021",2007,TV-Y7,4 Seasons,Kids' TV,"After discovering a parallel universe hidden inside a supercomputer, four students must stop a renegade virus from destroying the secret world."
s538,TV Show,TERRACE HOUSE: OPENING NEW DOORS,Terrace House: Opening New Doors,Terrace House: Opening New Doors,Terrace House: Opening New Doors,SRV,"You, Reina Triendl, Yoshimi Tokui, Azusa Babazono, Ryota Yamasato, Shono Hayama",Japan,"July 6, 2021",2018,TV-14,6 Seasons,"International TV Shows, Reality TV","A group of young people ‚Äì including a chef, a snowboarder and an ice hockey player ‚Äì gather in the Karuizawa woods while pursuing their dreams."
s541,TV Show,THE WORST WITCH,The Worst Witch,The Worst Witch,The Worst Witch,SRV,"Bella Ramsey, Clare Higgins, Meibh Campbell, Raquel Cassidy, Jenny Richardson, Miriam Petche, Tallulah Milligan, Wendy Craig, Shauna Shim","United Kingdom, Germany","July 6, 2021",2020,TV-G,4 Seasons,"British TV Shows, Kids' TV","After stumbling into a school for witches, a bumbling heroine comes to realize that she just might belong there. Based on Jill Murphy's beloved books."
s549,TV Show,GREY'S ANATOMY,Grey's Anatomy,Grey'S Anatomy,Grey's Anatomy,SRV,"Ellen Pompeo, Sandra Oh, Katherine Heigl, Justin Chambers, Patrick Dempsey, Chandra Wilson, T.R. Knight, James Pickens Jr., Isaiah Washington, Sara Ramirez, Eric Dane, Chyler Leigh, Kate Walsh, Kevin McKidd, Jessica Capshaw",United States,"July 3, 2021",2020,TV-14,17 Seasons,"Romantic TV Shows, TV Dramas",Intern (and eventual resident) Meredith Grey finds herself caught up in personal and professional passions with fellow doctors at a Seattle hospital.
s629,TV Show,STARBEAM,StarBeam,Starbeam,StarBeam,SRV,"Nahanni Mitchell, Dean Petriw, Terry Klassen, Sam Vincent, Rhona Rees, Diana Kaarina",United States,"June 29, 2021",2021,TV-Y,4 Seasons,Kids' TV,"When colorful villains come out to play, 8-year-old Zoey has the power to transform into StarBeam, a kid-sized superhero. She saves the day, every day!"
s661,TV Show,BLACK LIGHTNING,Black Lightning,Black Lightning,Black Lightning,SRV,"Cress Williams, James Remar, Marvin 'Krondon' Jones III, Jill Scott, China Anne McClain, Damon Gupton, Nafessa Williams, Christine Adams",United States,"June 19, 2021",2021,TV-14,4 Seasons,"TV Action & Adventure, TV Dramas, TV Sci-Fi & Fantasy",School principal and retired superhero Jefferson Pierce leaps back into action as the legendary Black Lightning after a gang threatens his family.
s662,TV Show,CALL MY AGENT!,Call My Agent!,Call My Agent!,Call My Agent!,SRV,"Camille Cottin, Thibault De Montalembert, Gr√©gory Montel, Liliane Rov√®re, Fanny Sidney, Laure Calamy, Nicolas Maury, St√©fi Celma, Assaad Bouab, Isabelle Adjani, Juliette Binoche, Virginie Efira, Christopher Lambert",France,"June 19, 2021",2018,TV-MA,4 Seasons,"International TV Shows, TV Comedies, TV Dramas","At a top Paris talent firm, agents scramble to keep their star clients happy ‚Äì and their business afloat ‚Äì after an unexpected crisis."
s668,TV Show,GLEE,Glee,Glee,Glee,SRV,"Lea Michele, Chris Colfer, Jane Lynch, Matthew Morrison, Cory Monteith, Naya Rivera, Kevin McHale, Jenna Ushkowitz, Amber Riley, Mark Salling, Heather Morris, Harry Shum Jr., Jayma Mays, Dianna Agron",United States,"June 19, 2021",2015,TV-14,6 Seasons,"TV Comedies, TV Dramas, Teen TV Shows","Amid relationship woes and personal attacks from a wicked cheerleading coach, a teacher fights to turn underdog glee club members into winners."
s677,TV Show,RIVERDALE,Riverdale,Riverdale,Riverdale,Rob Seidenglanz,"K.J. Apa, Lili Reinhart, Camila Mendes, Cole Sprouse, Marisol Nichols, Madelaine Petsch, Ashleigh Murray, M√§dchen Amick, Luke Perry, Casey Cott, Charles Melton, Mark Consuelos, Lochlyn Munro, Peter Bryant, Colin Lawrence, Molly Ringwald, Asha Bromfield, Barclay Hope, Hayley Law, Martin Cummins, Sarah Habel, Nathalie Boltt, Skeet Ulrich",United States,"June 19, 2021",2019,TV-14,4 Seasons,"Crime TV Shows, TV Dramas, TV Mysteries","While navigating the troubled waters of sex, romance, school and family, teen Archie and his gang become entangled in a dark Riverdale mystery."
s678,TV Show,SCHITT'S CREEK,Schitt's Creek,Schitt'S Creek,Schitt's Creek,SRV,"Eugene Levy, Catherine O'Hara, Daniel Levy, Annie Murphy, Chris Elliott, Jennifer Robertson, Emily Hampshire, Tim Rozon, Sarah Levy, Dustin Milligan","Canada, United States","June 19, 2021",2020,TV-MA,6 Seasons,TV Comedies,"Suddenly broke, the formerly filthy-rich Rose family is reduced to living in a ramshackle motel in a town they once bought as a joke: Schitt's Creek."
s685,TV Show,ELITE,Elite,Elite,Elite,SRV,"Danna Paola, Miguel Herr√°n, Mar√≠a Pedraza, Itzan Escamilla, Miguel Bernardeau, Jaime Lorente, √Ålvaro Rico, Ar√≥n Piper, Mina El Hammani, Ester Exp√≥sito, Omar Ayuso",Spain,"June 18, 2021",2021,TV-MA,4 Seasons,"Crime TV Shows, International TV Shows, Spanish-Language TV Shows","When three working-class teens enroll in an exclusive private school in Spain, the clash between them and the wealthy students leads to murder."
s790,TV Show,DOWNTON ABBEY,Downton Abbey,Downton Abbey,Downton Abbey,SRV,"Hugh Bonneville, Jessica Brown Findlay, Samantha Bond, Laura Carmichael, Jim Carter, Raquel Cassidy, Brendan Coyle, Tom Cullen, Michelle Dockery, Kevin Doyle, Siobhan Finneran, Michael Fox, Joanne Froggatt, Matthew Goode, Harry Hadden-Paton, Thomas Howes, Lily James, Rob James-Collier, Rose Leslie, Phyllis Logan, Elizabeth McGovern, Sophie McShera, Lesley Nicol, Maggie Smith, Penelope Wilton",United Kingdom,"June 2, 2021",2015,TV-14,6 Seasons,"British TV Shows, International TV Shows, TV Dramas","Exposing the snobbery and machinations of a vanishing class system, this series chronicles events in the lives of the Crawley family and their servants."
s891,TV Show,CASTLEVANIA,Castlevania,Castlevania,Castlevania,SRV,"Richard Armitage, James Callis, Graham McTavish, Alejandra Reynoso, Tony Amendola, Matt Frewer, Emily Swallow",United States,"May 13, 2021",2021,TV-MA,4 Seasons,"Anime Series, TV Horror, TV Thrillers",A vampire hunter fights to save a besieged city from an army of otherworldly beasts controlled by Dracula himself. Inspired by the classic video games.
s1060,TV Show,HOUSE OF CARDS,House of Cards,House Of Cards,House of Cards,SRV,"Kevin Spacey, Robin Wright, Kate Mara, Corey Stoll, Sakina Jaffrey, Kristen Connolly, Constance Zimmer, Sebastian Arcelus, Nathan Darrow, Sandrine Holt, Michel Gill, Elizabeth Norment, Mahershala Ali, Reg E. Cathey, Molly Parker, Derek Cecil, Elizabeth Marvel, Kim Dickens, Lars Mikkelsen, Michael Kelly, Joel Kinnaman, Campbell Scott, Patricia Clarkson, Neve Campbell",United States,"April 14, 2021",2018,TV-MA,6 Seasons,"TV Dramas, TV Thrillers","A ruthless politician will stop at nothing to conquer Washington, D.C., in this Emmy and Golden Globe-winning political drama."
s1082,TV Show,"NICKY, RICKY, DICKY & DAWN","Nicky, Ricky, Dicky & Dawn","Nicky, Ricky, Dicky & Dawn","Nicky, Ricky, Dicky & Dawn",SRV,"Brian Stepanek, Allison Munn, Aidan Gallagher, Casey Simpson, Mace Coronel, Lizzy Greene",United States,"April 12, 2021",2018,TV-G,4 Seasons,"Kids' TV, TV Comedies","Just because they're quadruplets, that doesn't mean these 10-year-olds always get along. But for all the bickering, they're loyal to the last."
s1159,TV Show,BIG TIME RUSH,Big Time Rush,Big Time Rush,Big Time Rush,SRV,"Kendall Schmidt, James Maslow, Carlos Pena, Logan Henderson, Ciara Bravo, Stephen Kramer Glickman, Tanya Chisholm, Challen Cates, Erin Sanders, Matt Riedy",United States,"March 26, 2021",2013,TV-G,4 Seasons,Kids' TV,"After a talent agent discovers four talented pals and turns them into a boy band called Big Time Rush, they must adjust to their exciting new lives."
s1174,TV Show,MEN ON A MISSION,Men on a Mission,Men On A Mission,Men on a Mission,Jung-ah Im,"Ho-dong Kang, Soo-geun Lee, Sang-min Lee, Young-chul Kim, Jang-hoon Seo, Hee-chul Kim, Kyung-hoon Min",South Korea,"March 23, 2021",2021,TV-14,6 Seasons,"International TV Shows, Korean TV Shows, Stand-Up Comedy & Talk Shows","Male celebs play make-believe as high schoolers, welcoming star transfer students every week and engaging in battles of witty humor and slapstick."
s1180,TV Show,MIGHTY MORPHIN POWER RANGERS,Mighty Morphin Power Rangers,Mighty Morphin Power Rangers,Mighty Morphin Power Rangers,SRV,"Austin St. John, Thuy Trang, Walter Jones, Amy Jo Johnson, David Yost, Jason David Frank, Johnny Yong Bosch, Karan Ashley, Steve Cardenas, Catherine Sutherland, Paul Schrier, Jason Narvy, David Fielding, Richard Steven Horvitz, Barbara Goodson","United States, Japan","March 20, 2021",2010,TV-Y7,4 Seasons,Kids' TV,"Five average teens are chosen by an intergalactic wizard to become the Power Rangers, who must use their new powers to fight the evil Rita Repulsa."
s1236,TV Show,POK√©MON JOURNEYS: THE SERIES,Pok√©mon Journeys: The Series,Pok„©Mon Journeys: The Series,Pok√©mon Journeys: The Series,SRV,"Ikue Otani, Sarah Natochenny, Zeno Robinson, James Carter Cathcart, Michele Knotz, Cherami Leigh, Rodger Parsons, Ray Chase, Casey Mongillo",,"March 5, 2021",2021,TV-Y7,4 Seasons,"Anime Series, Kids' TV, TV Action & Adventure","Young trainer Ash and his new friend Goh become research fellows at Professor Cerise's laboratory, traveling all over the world to learn about Pok√©mon."
s1303,TV Show,MEATEATER,MeatEater,Meateater,MeatEater,SRV,Steven Rinella,United States,"February 17, 2021",2021,TV-14,4 Seasons,"Docuseries, Reality TV, Science & Nature TV",Steven Rinella scrounges in some of America's wildest terrains in this unscripted series showing him on the hunt for wild animals from ducks to deer.
s1309,TV Show,BOOBA,Booba,Booba,Booba,SRV,Roman Karev,United Kingdom,"February 15, 2021",2021,TV-Y7,4 Seasons,"Kids' TV, TV Comedies","The world is a mystery to little Booba. But he approaches the curiosities around him with wonder, finding adventure in his everyday surroundings."
s1355,TV Show,HEARTLAND,Heartland,Heartland,Heartland,SRV,"Amber Marshall, Michelle Morgan, Graham Wardle, Shaun Johnston, Chris Potter, Jessica Amlee, Kerry James, Nathaniel Arcand",Canada,"February 1, 2021",2019,TV-14,13 Seasons,TV Dramas,Spunky teenager Amy is reeling from the sudden death of her mother when she and her grandfather are threatened with the loss of their horse ranch.
s1378,TV Show,OUTLANDER,Outlander,Outlander,Outlander,SRV,"Caitriona Balfe, Sam Heughan, Tobias Menzies, Gary Lewis, Graham McTavish, Lotte Verbeek, Duncan Lacroix, Laura Donnelly, Bill Paterson, Stephen Walters, Grant O'Rourke, Simon Callow, Richard Rankin, Sophie Skelton, David Berry, Romann Berrux, Ed Speleers, Maria Doyle Kennedy, Tim Downie",United States,"January 27, 2021",2018,TV-MA,4 Seasons,"Romantic TV Shows, TV Action & Adventure, TV Dramas",This epic tale adapted from Diana Gabaldon's popular series of fantasy-romance novels focuses on the drama of two time-crossed lovers.
s1396,TV Show,HELLO NINJA,Hello Ninja,Hello Ninja,Hello Ninja,SRV,"Lukas Engel, Zoey Siewert, Sam Vincent, Mayumi Yoshida",United States,"January 19, 2021",2021,TV-Y,4 Seasons,Kids' TV,"BFFs Wesley and Georgie and their silly cat sidekick Pretzel transform into ninjas and enter a magic world, where they solve problems and save the day."
s1402,TV Show,CARMEN SANDIEGO,Carmen Sandiego,Carmen Sandiego,Carmen Sandiego,SRV,"Gina Rodriguez, Finn Wolfhard, Abby Trott, Michael Hawley, Michael Goldsmith, Kari Wahlgren, Sharon Muthu, Liam O'Brien, Rafael Petardi, Charlet Chung",United States,"January 15, 2021",2021,TV-Y7,4 Seasons,"Kids' TV, TV Thrillers","A master thief who uses her skills for good, Carmen Sandiego travels the world foiling V.I.L.E.'s evil plans ‚Äì with help from her savvy sidekicks."
s1420,TV Show,LAST TANGO IN HALIFAX,Last Tango in Halifax,Last Tango In Halifax,Last Tango in Halifax,Juliet May,"Derek Jacobi, Anne Reid, Sarah Lancashire, Nicola Walker, Edward Ashley, Louis Greatorex, Josh Bolt",United Kingdom,"January 12, 2021",2020,TV-MA,4 Seasons,"British TV Shows, Romantic TV Shows, TV Dramas",Two widowed childhood sweethearts fall for each other all over again when they are reunited over the Internet after nearly 60 years.
s1474,TV Show,CHILLING ADVENTURES OF SABRINA,Chilling Adventures of Sabrina,Chilling Adventures Of Sabrina,Chilling Adventures of Sabrina,SRV,"Kiernan Shipka, Ross Lynch, Miranda Otto, Lucy Davis, Chance Perdomo, Michelle Gomez, Richard Coyle, Jaz Sinclair, Lachlan Watson, Tati Gabrielle, Adeline Rudolph, Abigail Cowen, Gavin Leatherwood, Bronson Pinchot",United States,"December 31, 2020",2020,TV-14,4 Seasons,"TV Horror, TV Mysteries, TV Sci-Fi & Fantasy","Magic and mischief collide as half-human, half-witch Sabrina navigates between two worlds: mortal teen life and her family's legacy, the Church of Night."
s1570,TV Show,MASAMEER CLASSICS,Masameer Classics,Masameer Classics,Masameer Classics,SRV,"Malik Nejer, Abdulaziz Alshehri",Saudi Arabia,"December 9, 2020",2013,TV-14,4 Seasons,"International TV Shows, TV Comedies","Through dark comedy and eccentric characters, this web series offers a humorous view of the changes and cultural shifts in Saudi Arabia from 2011-2019."
s1591,TV Show,BIG MOUTH,Big Mouth,Big Mouth,Big Mouth,SRV,"Nick Kroll, John Mulaney, Jessi Klein, Jason Mantzoukas, Jenny Slate, Fred Armisen, Maya Rudolph, Jordan Peele",United States,"December 4, 2020",2020,TV-MA,4 Seasons,TV Comedies,Teenage friends find their lives upended by the wonders and horrors of puberty in this edgy comedy from real-life pals Nick Kroll and Andrew Goldberg.
s1619,TV Show,OCTONAUTS,Octonauts,Octonauts,Octonauts,SRV,"Keith Wickham, Jo Wyatt, Ross Breen, Simon Greenall, Paul Panting, Rob Rackstraw, Teresa Gallagher, Shelley Longworth","United States, Ireland, United Kingdom, India","December 1, 2020",2015,TV-Y,4 Seasons,"British TV Shows, Kids' TV",A team of brave underwater explorers known as the Octonauts combs the world's oceans for aquatic creatures in desperate need of assistance.
s1688,TV Show,THE BOSS BABY: BACK IN BUSINESS,The Boss Baby: Back in Business,The Boss Baby: Back In Business,The Boss Baby: Back in Business,SRV,"JP Karliak, Pierce Gagnon, Kevin Michael Richardson, Alex Cazares, Flula Borg, Jake Green, Eric Bell Jr., David Lodge, Hope Levy, David Collins, Tony Hale, Nicole Sullivan",United States,"November 17, 2020",2020,TV-Y7,4 Seasons,"Kids' TV, TV Comedies",The Boss Baby brings his big brother Tim to the office to teach him the art of business in this animated series sprung from the hit film.
s1699,TV Show,THE CROWN,The Crown,The Crown,The Crown,SRV,"Claire Foy, John Lithgow, Matt Smith, Vanessa Kirby, Jared Harris, Victoria Hamilton, Eileen Atkins, Jeremy Northam, Alex Jennings, Ben Miles, Pip Torrens, Will Keen, Harry Hadden-Paton, Daniel Ings, Greg Wise, Harriet Walter, Lia Williams, Matthew Goode, Anton Lesser","United Kingdom, United States","November 15, 2020",2020,TV-MA,4 Seasons,"British TV Shows, International TV Shows, TV Dramas",This drama follows the political rivalries and romance of Queen Elizabeth II's reign and the events that shaped the second half of the 20th century.
s1751,TV Show,DAWSON'S CREEK,Dawson's Creek,Dawson'S Creek,Dawson's Creek,SRV,"James Van Der Beek, Katie Holmes, Michelle Williams, Joshua Jackson, Kerr Smith, Meredith Monroe, Busy Philipps, Mary Beth Peil",United States,"November 1, 2020",2002,TV-14,6 Seasons,"Romantic TV Shows, TV Dramas, Teen TV Shows","This nighttime soap about a group of close-knit teens frankly depicts the issues of adolescence that obsess young adults, including sex, sex and sex."
s1766,TV Show,THE GARFIELD SHOW,The Garfield Show,The Garfield Show,The Garfield Show,SRV,"Frank Welker, Wally Wingert, Gregg Berger","France, United States","November 1, 2020",2018,TV-Y,4 Seasons,"Kids' TV, TV Comedies","Lazy, lasagna-loving fat cat Garfield lives life on his own terms, which includes teasing his geeky owner, Jon, and tormenting dimwitted dog Odie."
s1782,TV Show,SOMEBODY FEED PHIL,Somebody Feed Phil,Somebody Feed Phil,Somebody Feed Phil,SRV,Philip Rosenthal,United States,"October 30, 2020",2020,TV-14,4 Seasons,"Docuseries, Reality TV","""Everybody Loves Raymond"" creator Phil Rosenthal travels the globe to take in the local cuisine and culture of Bangkok, Lisbon, Mexico City and more."
s1792,TV Show,CHICO BON BON: MONKEY WITH A TOOL BELT,Chico Bon Bon: Monkey with a Tool Belt,Chico Bon Bon: Monkey With A Tool Belt,Chico Bon Bon: Monkey with a Tool Belt,SRV,"Robbie Daymond, Dayci Brookshire, Anthony Tedesco, Andy Abbott, Roberta Lemons, Cole Seaver",United States,"October 27, 2020",2020,TV-Y,4 Seasons,Kids' TV,"Armed with tools and engineering smarts, monkey mechanic Chico Bon Bon and his Fix-It Force help the people of Blunderburg solve all of their problems."
s1848,TV Show,FIREMAN SAM,Fireman Sam,Fireman Sam,Fireman Sam,SRV,"Steven Kynman, David Carling, Tegwen Tucker, Su Douglas, Andrew Hodwitz, Dave Pender, Lily Cassano, Carter Treneer, Sarah Lynn Strange",United Kingdom,"October 15, 2020",2018,TV-Y,4 Seasons,"British TV Shows, Kids' TV","Sharing valuable lessons in fire safety for preschoolers, Fireman Sam and his animated crew from Pontypandy, Wales, are ready for any emergency."
s1849,TV Show,HALF & HALF,Half & Half,Half & Half,Half & Half,SRV,"Rachel True, Essence Atkins, Telma Hopkins, Chico Benymon, Valarie Pettiford, Alec Mapa",United States,"October 15, 2020",2005,TV-14,4 Seasons,TV Comedies,"After two estranged half-sisters in their twenties find their lives suddenly entwined, they grow closer as they get to know more about each other."
s1930,TV Show,MAN WITH A PLAN,Man with a Plan,Man With A Plan,Man with a Plan,SRV,"Matt LeBlanc, Liza Snyder, Grace Kaufman, Matthew McCann, Hala Finley, Matt Cook, Jessica Chaffin",United States,"September 30, 2020",2020,TV-PG,4 Seasons,TV Comedies,"When his wife Andi returns to work, contractor Adam Burns becomes a stay-at-home dad and discovers that parenting is a tougher job than he realized."
s1949,TV Show,VAN HELSING,Van Helsing,Van Helsing,Van Helsing,SRV,"Kelly Overton, Jonathan Scarfe, Christopher Heyerdahl, Paul Johansson, David Cubitt, Tim Guinee",United States,"September 27, 2020",2019,TV-MA,4 Seasons,"International TV Shows, TV Action & Adventure, TV Dramas","After three years in a coma, Vanessa awakens to a world ravaged by vampires. Now, she and a motley band of fellow survivors fight to stay alive."
s1950,TV Show,THE GOOD PLACE,The Good Place,The Good Place,The Good Place,SRV,"Kristen Bell, Ted Danson, William Jackson Harper, Jameela Jamil, D'Arcy Carden, Manny Jacinto",United States,"September 26, 2020",2020,TV-14,4 Seasons,TV Comedies,"Due to an error, self-absorbed Eleanor Shellstrop arrives at the Good Place after her death. Determined to stay, she tries to become a better person."
s1959,TV Show,THE CHEF SHOW,The Chef Show,The Chef Show,The Chef Show,SRV,"Jon Favreau, Roy Choi",United States,"September 24, 2020",2020,TV-MA,4 Seasons,Docuseries,"Writer, director and food enthusiast Jon Favreau and chef Roy Choi explore food in and out of the kitchen with accomplished chefs and celebrity friends."
s2070,TV Show,H,H,H,H,SRV,"Jamel Debbouze, √âric Judor, Ramzy Bedia, Catherine Benguigui, Sophie Mounicot, Jean-Luc Bideau",France,"September 1, 2020",2002,TV-MA,4 Seasons,"International TV Shows, TV Comedies","At a dysfunctional hospital in Paris, three bumbling, eccentric medical employees embark on zany misadventures with surgical imprecision."
s2074,TV Show,"SISTER, SISTER","Sister, Sister","Sister, Sister","Sister, Sister",SRV,"Tia Mowry-Hardrict, Jack√©e Harry, Tamera Mowry-Housley, Tim Reid, Marques Houston, RonReaco Lee, Deon Richmond",United States,"September 1, 2020",1998,TV-PG,6 Seasons,"TV Comedies, Teen TV Shows","Separated at birth, twin sisters Tia Landry and Tamera Campbell reunite after 14 years and soon move in together, blending families and personalities."
s2128,TV Show,0.03,0.03,0.03,3%,SRV,"Jo√£o Miguel, Bianca Comparato, Michel Gomes, Rodolfo Valente, Vaneza Oliveira, Rafael Lozano, Viviane Porto, Mel Fronckowiak, Sergio Mamberti, Zez√© Motta, Celso Frateschi",Brazil,"August 14, 2020",2020,TV-MA,4 Seasons,"International TV Shows, TV Dramas, TV Sci-Fi & Fantasy","In a future where the elite inhabit an island paradise far from the crowded slums, you get one chance to join the 3% saved from squalor."
s2136,TV Show,THE LEGEND OF KORRA,The Legend of Korra,The Legend Of Korra,The Legend of Korra,SRV,"Janet Varney, David Faustino, P.J. Byrne, J.K. Simmons, Dee Bradley Baker, Seychelle Gabriel, Logan Wells, Jeff Bennett, Kiernan Shipka",United States,"August 14, 2020",2014,TV-Y7,4 Seasons,"Kids' TV, TV Action & Adventure, TV Sci-Fi & Fantasy",A female avatar who can control the elements fights to keep her city safe from the evil forces of both the physical and spiritual worlds.
s2174,TV Show,MOESHA,Moesha,Moesha,Moesha,SRV,"Brandy Norwood, William Allen Young, Sheryl Lee Ralph, Countess Vaughn, Lamont Bentley, Shar Jackson, Marcus T. Paulk, Yvette Wilson",United States,"August 1, 2020",2000,TV-PG,6 Seasons,"TV Comedies, Teen TV Shows","Navigating the twists and firsts of high school, Moesha juggles friendships, romance and the occasional drama while trying to keep her family together."
s2255,TV Show,THE PROTECTOR,The Protector,The Protector,The Protector,SRV,"√áaƒüatay Ulusoy, Ay√ßa Ay≈üin Turan, Hazar Erg√º√ßl√º, Okan Yalabƒ±k, Mehmet Kurtulu≈ü, Yurdaer Okur",Turkey,"July 9, 2020",2020,TV-MA,4 Seasons,"International TV Shows, Romantic TV Shows, TV Action & Adventure","Discovering his ties to a secret ancient order, a young man living in modern Istanbul embarks on a quest to save the city from an immortal enemy."
s2294,TV Show,CABLE GIRLS,Cable Girls,Cable Girls,Cable Girls,SRV,"Blanca Su√°rez, Nadia de Santiago, Ana Fern√°ndez, Maggie Civantos, Ana Polvorosa, Yon Gonz√°lez, Marti√±o Rivas, Nico Romero, Borja Luna, Sergio Mur, Concha Velasco, Antonio Vel√°zquez, Ernesto Alterio, Ira del R√≠o, Angela Cremonte, Andrea Carballo",Spain,"July 3, 2020",2019,TV-MA,6 Seasons,"International TV Shows, Romantic TV Shows, Spanish-Language TV Shows","In 1920s Madrid, four women at the National Telephone Company ring in revolution as they manage romance, friendship and the modern workplace."
s2389,TV Show,ALEXA & KATIE,Alexa & Katie,Alexa & Katie,Alexa & Katie,SRV,"Paris Berelc, Isabel May, Tiffani Thiessen, Emery Kelly, Jolie Jenkins, Kerri Medders, Finn Carr, Eddie Shin",United States,"June 13, 2020",2020,TV-G,4 Seasons,"Kids' TV, TV Comedies","Alexa is battling cancer. But with her best friend, Katie, by her side, she's also starting high school ‚Äì and ready for whatever comes next."
s2391,TV Show,HOW TO GET AWAY WITH MURDER,How to Get Away with Murder,How To Get Away With Murder,How to Get Away with Murder,SRV,"Viola Davis, Billy Brown, Alfred Enoch, Jack Falahee, Katie Findlay, Aja Naomi King, Matt McGorry, Karla Souza, Charlie Weber, Liza Weil",United States,"June 13, 2020",2020,TV-14,6 Seasons,"Crime TV Shows, TV Dramas, TV Mysteries","Brilliant criminal defense attorney and law professor Annalise Keating, plus five of her students, become involved in a twisted murder case."
s2396,TV Show,F IS FOR FAMILY,F is for Family,F Is For Family,F is for Family,SRV,"Bill Burr, Laura Dern, Justin Long, Debi Derryberry, Sam Rockwell","United States, France, Canada","June 12, 2020",2020,TV-MA,4 Seasons,TV Comedies,"Follow the Murphy family back to the 1970s, when kids roamed wild, beer flowed freely and nothing came between a man and his TV."
s2400,TV Show,ONE PIECE,ONE PIECE,One Piece,ONE PIECE,SRV,"Mayumi Tanaka, Akemi Okamura, Kazuya Nakai, Kappei Yamaguchi, Hiroaki Hirata, Ikue Otani, Yuriko Yamaguchi, Kazuki Yao, Cho",Japan,"June 12, 2020",2002,TV-14,4 Seasons,Anime Series,Monkey D. Luffy sails with his crew of Straw Hat Pirates through the Grand Line to find the treasure One Piece and become the new king of the pirates.
s2416,TV Show,QUEEN OF THE SOUTH,Queen of the South,Queen Of The South,Queen of the South,SRV,"Alice Braga, Veronica Falc√≥n, Justina Machado, Peter Gadiot, Hemky Madera, Gerardo Taracena","United States, Mexico, Spain, Malta","June 6, 2020",2018,TV-MA,4 Seasons,"Crime TV Shows, TV Action & Adventure, TV Dramas","Forced to work for a cartel that recently killed her boyfriend, Teresa relies on her street smarts, a loyal pal and a mysterious notebook to survive."
s2418,TV Show,13 REASONS WHY,13 Reasons Why,13 Reasons Why,13 Reasons Why,SRV,"Dylan Minnette, Katherine Langford, Kate Walsh, Derek Luke, Brian d'Arcy James, Alisha Boe, Christian Navarro, Miles Heizer, Ross Butler, Devin Druid, Michele Selene Ang, Steven Silver, Amy Hargreaves",United States,"June 5, 2020",2020,TV-MA,4 Seasons,"Crime TV Shows, TV Dramas, TV Mysteries","After a teenage girl's perplexing suicide, a classmate receives a series of tapes that unravel the mystery of her tragic choice."
s2467,TV Show,MAKO MERMAIDS: AN H2O ADVENTURE,Mako Mermaids: An H2O Adventure,Mako Mermaids: An H2O Adventure,Mako Mermaids: An H2O Adventure,SRV,"Lucy Fry, Ivy Latimer, Amy Ruffle, Chai Romruen, Isabel Durant, Allie Bertram, Linda Ngo, Gemma Forsyth, Dominic Deutscher, Kerith Atkinson, Rowan Hills, Brooke Nichole Lee",Australia,"May 28, 2020",2016,TV-G,4 Seasons,"Kids' TV, TV Comedies","This ""H2O"" sequel follows Zac, a boy who accidentally turns into a merman and threatens the existence of three young mermaids who guard Mako Island."
s2516,TV Show,PATRIOT ACT WITH HASAN MINHAJ,Patriot Act with Hasan Minhaj,Patriot Act With Hasan Minhaj,Patriot Act with Hasan Minhaj,SRV,Hasan Minhaj,United States,"May 17, 2020",2020,TV-MA,6 Seasons,"Stand-Up Comedy & Talk Shows, TV Comedies","Every Sunday, Hasan Minhaj brings an incisive and nuanced perspective to global news, politics and culture in his unique comedy series."
s2524,TV Show,MADAM SECRETARY,Madam Secretary,Madam Secretary,Madam Secretary,SRV,"T√©a Leoni, Tim Daly, Bebe Neuwirth, Zeljko Ivanek, Erich Bergen, Patina Miller, Geoffrey Arend, Kathrine Herzer, Evan Roe, Wallis Currie-Wood",United States,"May 15, 2020",2019,TV-PG,6 Seasons,TV Dramas,"When a highly capable woman becomes secretary of state, she struggles to find balance between the demands of world politics and those of her family."
s2584,TV Show,MASHA AND THE BEAR,Masha and the Bear,Masha And The Bear,Masha and the Bear,SRV,"Alina Kukushkina, Boris Kutnevich, Giselle Nieto, Elsie Fisher",Russia,"May 1, 2020",2019,TV-Y,4 Seasons,Kids' TV,"Lively little Masha lives near the forest, where she has many wonderful adventures with her best friend, a bear who used to be in the circus."
s2629,TV Show,THE LAST KINGDOM,The Last Kingdom,The Last Kingdom,The Last Kingdom,SRV,"Alexander Dreymon, Emily Cox, David Dawson, Ian Hart, Rune Temte, Matthew Macfadyen, Rutger Hauer, Tobias Santelmann, Peter Gantzler, Adrian Bower, Joseph Millson, Henning Valin Jakobsen, Alexandre Willaume, Thomas W. Gabrielsson",United Kingdom,"April 26, 2020",2020,TV-MA,4 Seasons,"British TV Shows, International TV Shows, TV Action & Adventure","As Alfred the Great defends his kingdom from Norse invaders, Uhtred ‚Äì born a Saxon but raised by Vikings ‚Äì seeks to claim his ancestral birthright."
s2719,TV Show,COMMUNITY,Community,Community,Community,SRV,"Ken Jeong, Jim Rash, Donald Glover, Joel McHale, Gillian Jacobs, Danny Pudi, Alison Brie, Chevy Chase, Yvette Nicole Brown",United States,"April 1, 2020",2015,TV-14,6 Seasons,TV Comedies,"When his degree is found bogus, lawyer Jeff Winger is sent back to college, where he meets students and teachers with credentials as dubious as his."
s2741,TV Show,SAINT SEIYA,Saint Seiya,Saint Seiya,Saint Seiya,SRV,"Toru Furuya, Hirotaka Suzuoki, Ryo Horikawa, Koichi Hashimoto, Hideyuki Hori, Keiko Han, Yuriko Yamamoto, Kohei Miyauchi, Mami Koyama",Japan,"April 1, 2020",1986,TV-14,6 Seasons,Anime Series,A band of young warriors in magical armor vow to defend the reincarnation of Greek goddess Athena against evil forces and to return her to the throne.
s2791,TV Show,GREENHOUSE ACADEMY,Greenhouse Academy,Greenhouse Academy,Greenhouse Academy,SRV,"Ariel Mortman, Finn Roberts, Chris O'Neal, Dallas Hart, Cinthya Carmona, Grace Van Dien, Benjamin Papac, Jessica Amlee, BJ Mitchell, Aviv Buchler, Nadine Ellis, Yiftach Mizrahi, Parker Stevenson, Ishai Golan, Selina Giles, Reina Hardesty",United States,"March 20, 2020",2020,TV-PG,4 Seasons,"Kids' TV, TV Dramas, Teen TV Shows","When teen siblings Hayley and Alex enter an elite boarding school, they find rivalry, romance and a mystery related to the recent loss of their mom."
s2847,TV Show,VELVET,Velvet,Velvet,Velvet,Carlos Sedes,"Paula Echevarr√≠a, Miguel √Ångel Silvestre, Aitana S√°nchez-Gij√≥n, Manuela Velasco, Manuela Vell√©s, Marta Hazas, Javier Rey, Maxi Iglesias, Cecilia Freire, Adri√°n Lastra, Miriam Giovanelli, Natalia Mill√°n, Jos√© Sacrist√°n, Ingrid Rubio, Peter Vives, Lloren√ß Gonz√°lez, √Ångela Molina, Pastora Vega",Spain,"March 4, 2020",2016,TV-14,4 Seasons,"International TV Shows, Romantic TV Shows, Spanish-Language TV Shows","In 1950s Spain, the heir to a fashion house romances a beautiful seamstress who works for the company, despite the objections of his family."
s2932,TV Show,BETTER CALL SAUL,Better Call Saul,Better Call Saul,Better Call Saul,SRV,"Bob Odenkirk, Jonathan Banks, Michael McKean, Rhea Seehorn, Patrick Fabian, Michael Mando, Giancarlo Esposito",United States,"February 9, 2020",2018,TV-MA,4 Seasons,"Crime TV Shows, TV Comedies, TV Dramas","This Emmy-nominated prequel to ""Breaking Bad"" follows small-time attorney Jimmy McGill as he transforms into morally challenged lawyer Saul Goodman."
s3012,TV Show,HIP-HOP EVOLUTION,Hip-Hop Evolution,Hip-Hop Evolution,Hip-Hop Evolution,SRV,Shad Kabango,Canada,"January 17, 2020",2020,TV-MA,4 Seasons,"Docuseries, International TV Shows","Interviews with influential MCs, DJs and moguls trace the genre's dynamic evolution from the 1970s through the 1990s in this documentary series."
s3036,TV Show,HARVEY STREET KIDS,Harvey Street Kids,Harvey Street Kids,Harvey Street Kids,SRV,"Lauren Lapkus, Stephanie Lemelin, Kelly McCreary, Atticus Shaffer, Danny Pudi, Grey Griffin, Utkarsh Ambudkar, Roger Craig Smith",United States,"January 10, 2020",2020,TV-Y7,4 Seasons,"Kids' TV, TV Comedies","Kids rule in a place called Harvey Street, where a trio of girls right wrongs, ice cream is always an option, and every day feels like Saturday."
s3109,TV Show,PRIVATE PRACTICE,Private Practice,Private Practice,Private Practice,SRV,"Kate Walsh, Tim Daly, Audra McDonald, Paul Adelstein, Taye Diggs, Amy Brenneman, KaDee Strickland, Chris Lowell, Brian Benben",United States,"December 22, 2019",2012,TV-14,6 Seasons,"TV Comedies, TV Dramas","At Oceanside Wellness Center, Dr. Addison Montgomery deals with competing personalities in the new world of holistic medicine."
s3193,TV Show,EASTSIDERS,Eastsiders,Eastsiders,Eastsiders,SRV,"Kit Williamson, Van Hansis, Constance Wu, Matthew McKelligon, John Halbach, Stephen Guarino",United States,"December 1, 2019",2018,TV-MA,4 Seasons,"TV Comedies, TV Dramas",Cal turns to his friends for help through a hilariously dark time when he discovers that his partner Thom's been cheating on him.
s3331,TV Show,BILLY ON THE STREET,Billy on the Street,Billy On The Street,Billy on the Street,SRV,Billy Eichner,United States,"November 1, 2019",2016,TV-14,4 Seasons,"International TV Shows, Reality TV, TV Comedies","Comedian Billy Eichner sprints through New York with celebrities to stun pedestrians with unapologetic, unfiltered and unique pop culture questions."
s3370,TV Show,BOJACK HORSEMAN,BoJack Horseman,Bojack Horseman,BoJack Horseman,SRV,"Will Arnett, Aaron Paul, Amy Sedaris, Alison Brie, Paul F. Tompkins",United States,"October 25, 2019",2020,TV-MA,6 Seasons,TV Comedies,"Meet the most beloved sitcom horse of the '90s, 20 years later. He‚Äôs a curmudgeon with a heart of...not quite gold...but something like gold. Copper?"
s3654,TV Show,COMEDIANS IN CARS GETTING COFFEE,Comedians in Cars Getting Coffee,Comedians In Cars Getting Coffee,Comedians in Cars Getting Coffee,Jerry Seinfeld,Jerry Seinfeld,United States,"July 19, 2019",2019,TV-14,6 Seasons,"Stand-Up Comedy & Talk Shows, TV Comedies","Jerry Seinfeld's roving talk show combines coffee, laughs and vintage cars into quirky, caffeine-fueled adventures with the sharpest minds in comedy."
s3921,TV Show,CRAZY EX-GIRLFRIEND,Crazy Ex-Girlfriend,Crazy Ex-Girlfriend,Crazy Ex-Girlfriend,SRV,"Rachel Bloom, Vincent Rodriguez III, Santino Fontana, Donna Lynne Champlin, Pete Gardner, Vella Lovell, Gabrielle Ruiz, Scott Michael Foster",United States,"April 13, 2019",2019,TV-MA,4 Seasons,"Romantic TV Shows, TV Comedies","Still pining for Josh, the boy who dumped her ages ago, whip-smart lawyer Rebecca jettisons her New York life and moves to California to win him back."
s4085,TV Show,CHEF'S TABLE,Chef's Table,Chef'S Table,Chef's Table,SRV,,United States,"February 22, 2019",2019,TV-MA,6 Seasons,"Docuseries, Reality TV","In this Emmy-nominated docuseries, find out what's inside the kitchens and minds of the international culinary stars who are redefining gourmet food."
s4168,TV Show,CLUB OF CROWS,Club of Crows,Club Of Crows,Club of Crows,SRV,"Luis Gerardo M√©ndez, Mariana Trevi√±o, Stephanie Cayo, Daniel Gim√©nez Cacho, Alosian Vivancos, Antonio de la Vega, Ianis Guerrero, Juan Pablo de Santiago, Joaqu√≠n Ferreira, Said Sandoval, Andr√©s Pardave, Sof√≠a Ni√±o de Rivera, Eileen Ya√±ez, Gutemberg Brito, Claudia Vega, Ver√≥nica Ter√°n, Jes√∫s Zavala, Gustavo Ganem, Ricardo Polanco, Emilio Guerrero, Luis R√°bago, Guillermo Dorantes, Richie Mestre, Sof√≠a Sisniega, Aldo Escalante, Juan Luis Orendain, Marcela √Ålvarez",Mexico,"January 25, 2019",2019,TV-MA,4 Seasons,"International TV Shows, Spanish-Language TV Shows, TV Comedies",A brother and sister battle high expectations and each other after inheriting a soccer team. A series from the creators of ‚ÄúNosotros los Nobles.‚Äù
s4202,TV Show,HARDY BUCKS,Hardy Bucks,Hardy Bucks,Hardy Bucks,SRV,"Martin Maloney, Owen Colgan, Chris Tordoff, Peter Cassidy, Tom Kilgallon, Michael Salmon, Wayne Lynch, Tommy Miller",Ireland,"January 11, 2019",2018,TV-MA,4 Seasons,TV Comedies,"A circle of young men entertain vague ambitions involving quick cash, women and showbiz in this mockumentary on small-town Irish life in County Mayo."
s4207,TV Show,POCOYO,Pocoyo,Pocoyo,Pocoyo,SRV,"Stephen Fry, Alex Marty","Spain, United Kingdom","January 10, 2019",2017,TV-Y,4 Seasons,"Kids' TV, Spanish-Language TV Shows",Discovery is the name of the game for friendly toddler Pocoyo in this lifelike and richly colored animated adventure series for preschoolers.
s4221,TV Show,COMEDIANS OF THE WORLD,COMEDIANS of the world,Comedians Of The World,COMEDIANS of the world,SRV,"Neal Brennan, Chris D'Elia, Nicole Byer, Nick Swardson, DeAnne Smith, Ivan Decker, Dave Merheje, K. Trevor Wilson, Joel Dommett, Mae Martin, Nish Kumar, Ellie Taylor, Urzila Carlson, Joel Creasey, Nazeem Hussain, Cal Wilson, Riaad Moosa, Tumi Morake, Loyiso Gola, Loyiso Madinga, Atul Khatri, Aditi Mittal, Amit Tandon, Franco Escamilla, Hugo El Cojo Feliz, Gaby Llanas, Enissa Amani, Ilka Bessin, Kaya Yanar, Thiago Ventura, Mhel Merrer, Afonso Padilha, Shirley Souagnon, Jason Brokerss, Tania Dutel, Donel Jack'sman, Ibraheem Alkhairallah, Rawsan Hallak, Adi Khalefa, Moayad Alnefaie, Louis-Jos√© Houde, Fran√ßois Bellefeuille, Katherine Levac, Adib Alkhalidey, Martijn Koning, Soundos El Ahmadi, Rayen Panday",United States,"January 1, 2019",2019,TV-MA,13 Seasons,"Stand-Up Comedy & Talk Shows, TV Comedies",This global stand-up comedy series features a diverse set of comics from 13 regions bringing their perspectives on what's funny around the world.
s4499,TV Show,PROJECT S THE SERIES,Project S The Series,Project S The Series,Project S The Series,SRV,"Wiwattanawarang Oabnithi, Mahayotaruk Thiti, Lerkcharoempoj Papangkorn, Imanothai Kawin, Sakuljaroensuk Apinya, Oat Pasakorn Sanrattana, Leeratanakajorn Thanapob, Skye Nateeton Wongrawee, Supapunpinyo Teeradon, Chansangavej Chayanit, Ketprapakorn Narikun, Pibunsonggram Kritsanapoom, Santinatornkul Chanon",Thailand,"October 19, 2018",2017,TV-MA,4 Seasons,"International TV Shows, TV Dramas, Teen TV Shows","Sports and friendship intertwine in tales of a volleyball team, an autistic badminton player, a skateboarder with depression and an archery-club crush."
s4528,TV Show,SOFIA THE FIRST,Sofia the First,Sofia The First,Sofia the First,SRV,"Ariel Winter, Darcy Rose Byrnes, Sara Ramirez, Tim Gunn, Coco Grayson, Travis Willingham, Wayne Brady, Jess Harnell, Meghan Strange, Zach Callison",United States,"October 8, 2018",2017,TV-Y,4 Seasons,Kids' TV,"When her commoner mother marries the king, average-girl Sofia finds that being a real princess isn't all it's cracked up to be."
s4552,TV Show,MONTY PYTHON'S FLYING CIRCUS,Monty Python's Flying Circus,Monty Python'S Flying Circus,Monty Python's Flying Circus,SRV,"John Cleese, Graham Chapman, Terry Jones, Eric Idle, Michael Palin, Terry Gilliam",United Kingdom,"October 2, 2018",1974,TV-14,4 Seasons,"British TV Shows, Classic & Cult TV, International TV Shows","The Monty Python players make their mark with a winning mix of wit, ingenuity and brilliant timing ‚Äì and a penchant for mockery and cross-dressing."
s4748,TV Show,KATH AND KIM,Kath and Kim,Kath And Kim,Kath and Kim,SRV,"Jane Turner, Gina Riley, Glenn Robbins, Peter Rowsthorn, Magda Szubanski",Australia,"July 28, 2018",2007,TV-MA,6 Seasons,TV Comedies,"As Kath prepares to wed fine-meats purveyor Kel, her daughter Kim moves back home after becoming disillusioned with her two-month marriage to Brett."
s4763,TV Show,HOME: ADVENTURES WITH TIP & OH,Home: Adventures with Tip & Oh,Home: Adventures With Tip & Oh,Home: Adventures with Tip & Oh,SRV,"Rachel Crow, Mark Whitten, Ana Ortiz, Ron Funches, Matt Jones, Nolan North",United States,"July 20, 2018",2018,TV-Y7,4 Seasons,"Kids' TV, TV Comedies","A misfit alien named Oh moves in with Tip and her family, in a series that picks up the dynamic duo's adventures where the hit film left off."
s4838,TV Show,THE NIGHT SHIFT,The Night Shift,The Night Shift,The Night Shift,SRV,"Eoin Macken, Jill Flint, Freddy Rodr√≠guez, Ken Leung, Brendan Fehr, Jeananne Goossen, J.R. Lemon, Robert Bailey Jr., Daniella Alonso, Catharine Pilafas",United States,"June 7, 2018",2017,TV-14,4 Seasons,TV Dramas,"After returning from a dangerous tour of duty, an Army doctor finds that working the night shift at a San Antonio hospital can be treacherous, too."
s4845,TV Show,UNBREAKABLE KIMMY SCHMIDT,Unbreakable Kimmy Schmidt,Unbreakable Kimmy Schmidt,Unbreakable Kimmy Schmidt,SRV,"Ellie Kemper, Jane Krakowski, Tituss Burgess, Carol Kane",United States,"May 30, 2018",2019,TV-14,4 Seasons,TV Comedies,"When a woman is rescued from a doomsday cult and lands in New York City, she must navigate a world she didn‚Äôt think even existed anymore."
s4858,TV Show,INSPECTOR GADGET,Inspector Gadget,Inspector Gadget,Inspector Gadget,SRV,"Ivan Sherry, Tara Strong, Martin Roach, Scott McCord, Lyon Smith, Derek McGrath","Canada, United States, France","May 18, 2018",2017,TV-Y7,4 Seasons,"Crime TV Shows, Kids' TV, TV Comedies","Inspector Gadget is back and must face his old enemy, the evil Dr. Claw, who has reactivated MAD, his global crime syndicate."
s4965,TV Show,TRAILER PARK BOYS,Trailer Park Boys,Trailer Park Boys,Trailer Park Boys,SRV,"Mike Smith, John Paul Tremblay, Robb Wells, John Dunsworth, Patrick Roach, Cory Bowles, Lucy Decoutere, Barrie Dunn, Sarah Dunsworth, Jeanna Harrison, Michael Jackson, Garry James, Tyrone Parsons, Shelley Thompson, Jonathan Torrens",Canada,"March 30, 2018",2018,TV-MA,12 Seasons,"Classic & Cult TV, Crime TV Shows, International TV Shows",Follow the booze-fueled misadventures of three longtime pals and petty serial criminals who run scams from their Nova Scotia trailer park.
s5036,TV Show,DRAGONS: RACE TO THE EDGE,Dragons: Race to the Edge,Dragons: Race To The Edge,Dragons: Race to the Edge,SRV,"Jay Baruchel, America Ferrera, T.J. Miller, Christopher Mintz-Plasse, Andree Vermeulen, Zack Pearlman",United States,"February 16, 2018",2018,TV-Y7,6 Seasons,"Kids' TV, TV Action & Adventure","From the creators of ""How to Train Your Dragon"" comes an all-new Netflix original series that takes Hiccup and Toothless to the edge of adventure!"
s5064,TV Show,THE ADVENTURES OF PUSS IN BOOTS,The Adventures of Puss in Boots,The Adventures Of Puss In Boots,The Adventures of Puss in Boots,SRV,"Eric Bauza, Jayma Mays, Grey DeLisle, Paul Rugg, Joshua Rush, Candi Milo, Laraine Newman",United States,"January 26, 2018",2018,TV-Y7,6 Seasons,"Kids' TV, TV Comedies","The world's greatest feline fighter, lover and milk connoisseur takes on daring adventures in exotic locations in this family-friendly comedy series."
s5127,TV Show,HALT AND CATCH FIRE,Halt and Catch Fire,Halt And Catch Fire,Halt and Catch Fire,SRV,"Lee Pace, Scoot McNairy, Mackenzie Davis, Kerry Bish√©, Toby Huss, Aleksa Palladino, David Wilson Barnes, Morgan Hinkleman, James Cromwell, Manish Dayal, Annabeth Gish",United States,"December 14, 2017",2017,TV-14,4 Seasons,TV Dramas,"Re-creating the dawn of the personal computer era, this digital drama tracks the fates of an industry visionary and his brilliant colleagues."
s5148,TV Show,TURN: WASHINGTON'S SPIES,TURN: Washington's Spies,Turn: Washington'S Spies,TURN: Washington's Spies,SRV,"Jamie Bell, Seth Numrich, Daniel Henshall, Heather Lind, Meegan Warner, Kevin McNally, Burn Gorman, Angus Macfadyen, JJ Feild, Samuel Roukin",United States,"December 1, 2017",2017,TV-14,4 Seasons,TV Dramas,"Set in 1778, this period drama recounts the story of Abe Woodhull, an American cabbage farmer obliged to begin spying on the British enemy."
s5150,TV Show,MAN DOWN,Man Down,Man Down,Man Down,SRV,"Greg Davies, Roisin Conaty, Jeany Spark, Gwyneth Powell, Isy Suttie, Michael Wozniak, Elliot Levey, Ruth Bratt, Deirdre Mullins, Steven Berkoff, Stella Gonet, Rik Mayall, Ashley McGuire, Stephanie Cole",United Kingdom,"November 30, 2017",2017,TV-MA,4 Seasons,"British TV Shows, International TV Shows, TV Comedies","A childish idiot trapped in an adult's body, schoolteacher Dan hates his job, hates his girlfriend-less life and has good reason to fear his dad."
s5166,TV Show,LONGMIRE,Longmire,Longmire,Longmire,SRV,"Robert Taylor, Katee Sackhoff, Lou Diamond Phillips, Bailey Chase, Cassidy Freeman, Adam Bartley, Louanne Stephens",United States,"November 17, 2017",2017,TV-MA,6 Seasons,"Crime TV Shows, TV Dramas",This contemporary crime thriller focuses on a Wyoming sheriff who's rebuilding his life and career following the death of his wife.
s5181,TV Show,PROJECT MC¬≤,Project Mc¬≤,Project Mc‚≤,Project Mc¬≤,SRV,"Mika Abdalla, Genneya Walton, Victoria Vida, Ysa Penarejo, Belle Shouse, Alyssa Lynch, Danica McKellar, Maddie Phillips, Sarah Desjardins",United States,"November 7, 2017",2017,TV-G,6 Seasons,Kids' TV,Teenage spy McKeyla teams up with three other super-smart girls to become secret agents who use their science and tech skills to save the day.
s5222,TV Show,WEST COAST CUSTOMS,West Coast Customs,West Coast Customs,West Coast Customs,SRV,"Ryan Friedlinghaus, Hunter Clancey",United States,"October 15, 2017",2015,TV-G,6 Seasons,"Docuseries, Reality TV","West Coast Customs, a mecca for well-heeled car lovers, stars as their team creates some of the most luxurious, outrageous vehicles on the planet."
s5245,TV Show,STAR TREK: ENTERPRISE,Star Trek: Enterprise,Star Trek: Enterprise,Star Trek: Enterprise,SRV,"Scott Bakula, John Billingsley, Jolene Blalock, Dominic Keating, Anthony Montgomery, Linda Park, Connor Trinneer",United States,"October 1, 2017",2004,TV-14,4 Seasons,"Classic & Cult TV, TV Action & Adventure, TV Sci-Fi & Fantasy","Capt. Archer and his crew explore space and discover human innovation-expanding technologies as they meet new alien races in this ""Star Trek"" prequel."
s5263,TV Show,TERRACE HOUSE: ALOHA STATE,Terrace House: Aloha State,Terrace House: Aloha State,Terrace House: Aloha State,SRV,"You, Reina Triendl, Ryota Yamasato, Yoshimi Tokui, Azusa Babazono, Kentaro","United States, Japan","September 26, 2017",2017,TV-14,4 Seasons,"International TV Shows, Reality TV","The beautiful island of Oahu is host to a new batch of six strangers who share a single roof, multiple conflicts and no script in this reality series."
s5286,TV Show,REIGN,Reign,Reign,Reign,SRV,"Adelaide Kane, Megan Follows, Torrance Coombs, Toby Regbo, Jenessa Grant, Celina Sinden, Caitlin Stasey, Anna Popplewell, Alan Van Sprang, Rossif Sutherland, Jonathan Keltz, Sean Teale, Craig Parker",United States,"September 5, 2017",2017,TV-14,4 Seasons,TV Dramas,"This vivid historical drama series tells of the rise to power of Mary, Queen of Scots, amid a court full of sexual and political intrigue."
s5381,TV Show,DAWN OF THE CROODS,Dawn of the Croods,Dawn Of The Croods,Dawn of the Croods,SRV,"Stephanie Lemelin, A.J. LoCascio, Dan Milano, Grey DeLisle, Cree Summer, Laraine Newman, Chris Parnell, Ana Gasteyer, Dee Bradley Baker, Thomas Lennon, Dominic Catrambone",United States,"July 7, 2017",2017,TV-Y7,4 Seasons,Kids' TV,"The world's first family is back for more laughs as they discover sports, sleepovers and other wonders in a world of exotic creatures and adventures."
s5382,TV Show,DEGRASSI: NEXT CLASS,Degrassi: Next Class,Degrassi: Next Class,Degrassi: Next Class,Stefan Brogren,"Amanda Arcuri, Amir Bageria, Soma Bhatia, Jamie Bloch, Stefan Brogren, Chelsea Clark, Reiya Downs, Ana Golja, Nikki Gould, Ricardo Hoyos, Ehren Kassam, Andre Kim, Lyle Lettau, Spencer MacPherson, Eric Osborne, Dante Scott, Olivia Scriven, Sara Waisglass, Richard Walters",Canada,"July 7, 2017",2017,TV-14,4 Seasons,"International TV Shows, TV Dramas, Teen TV Shows","Degrassi's next generation of high-tech newbies and returning students navigates real-world high school drama. If you're a teen, this is your life."
s5413,TV Show,CRIMINAL MINDS,Criminal Minds,Criminal Minds,Criminal Minds,SRV,"Mandy Patinkin, Joe Mantegna, Thomas Gibson, Shemar Moore, Matthew Gray Gubler, Kirsten Vangsness, A.J. Cook, Paget Brewster, Lola Glaudini, Jennifer Love Hewitt, Jeanne Tripplehorn","United States, Canada","June 30, 2017",2017,TV-14,12 Seasons,"Crime TV Shows, TV Dramas, TV Mysteries",This intense police procedural follows a group of extraordinary FBI profilers who spend their days getting into the minds of psychopathic criminals.
s5524,TV Show,THE MR. PEABODY AND SHERMAN SHOW,The Mr. Peabody and Sherman Show,The Mr. Peabody And Sherman Show,The Mr. Peabody and Sherman Show,SRV,"Chris Parnell, Max Charles, Dieter Jansen, Da'Vine Joy Randolph",United States,"April 21, 2017",2017,TV-Y7,4 Seasons,"Kids' TV, TV Comedies","Mr. Peabody and Sherman host a zany late-night comedy show from a swanky penthouse, with time-traveling historical figures and a live audience."
s5786,TV Show,VEGGIETALES IN THE HOUSE,VeggieTales in the House,Veggietales In The House,VeggieTales in the House,SRV,"Phil Vischer, Mike Nawrocki, Rob Paulsen, Tress MacNeille",United States,"September 23, 2016",2016,TV-Y,4 Seasons,Kids' TV,"Bob the Tomato, Larry the Cucumber and their Veggie pals venture beyond the kitchen counter in these playful adventures with Christian themes."
s5940,TV Show,THE 4400,The 4400,The 4400,The 4400,SRV,"Joel Gretsch, Jacqueline McKenzie, Patrick John Flueger, Conchita Campbell, Chad Faust, Richard Kahan, Mahershala Ali, Billy Campbell","United States, United Kingdom","September 1, 2013",2007,TV-14,4 Seasons,"TV Dramas, TV Mysteries, TV Sci-Fi & Fantasy","4400 people who vanished over the course of five decades suddenly reappear. None have aged, and slowly it's revealed that they have mysterious powers."
s6265,TV Show,BEAUTY & THE BEAST,Beauty & the Beast,Beauty & The Beast,Beauty & the Beast,SRV,"Kristin Kreuk, Jay Ryan, Max Brown, Austin Basis, Nina Lisandrello, Brian White, Sendhil Ramamurthy",Canada,"September 19, 2016",2016,TV-14,4 Seasons,"Crime TV Shows, Romantic TV Shows, TV Dramas",A homicide detective and a veteran who has been turned into a beast by a military experiment gone awry become allies after they meet by chance.
s6280,TV Show,BEING MARY JANE: THE SERIES,Being Mary Jane: The Series,Being Mary Jane: The Series,Being Mary Jane: The Series,SRV,"Gabrielle Union, Lisa Vidal, Margaret Avery, Omari Hardwick, Latarsha Rose, Aaron D. Spears, B.J. Britt, Raven Goodwin, Richard Roundtree",United States," July 1, 2017",2016,TV-14,4 Seasons,"Romantic TV Shows, TV Dramas",Ambitious single TV journalist Mary Jane attempts to balance her career with her overbearing family and an increasingly messy love life.
s6457,TV Show,CHEERS,Cheers,Cheers,Cheers,SRV,"Ted Danson, Rhea Perlman, George Wendt, John Ratzenberger, Shelley Long, Kirstie Alley, Woody Harrelson, Kelsey Grammer, Nicholas Colasanto",United States," July 1, 2017",1992,TV-PG,11 Seasons,"Classic & Cult TV, TV Comedies","Sam Malone, an ex-baseball player turned bar owner, operates a saloon that's always filled with quirky customers and even more eccentric staff."
s6743,TV Show,FATHER BROWN,Father Brown,Father Brown,Father Brown,Ian Barber,"Mark Williams, Sorcha Cusack, Nancy Carroll, Alex Price, Hugo Speer, Tom Chambers, Keith Osborn",United Kingdom," March 31, 2018",2017,TV-14,6 Seasons,"British TV Shows, Crime TV Shows, TV Dramas","A modest, compassionate priest doubles as an effective crime solver in this series based on the short stories by G.K. Chesterton."
s6796,TV Show,FRASIER,Frasier,Frasier,Frasier,SRV,"Kelsey Grammer, Jane Leeves, David Hyde Pierce, Peri Gilpin, John Mahoney, Dan Butler",United States,,2003,TV-PG,11 Seasons,"Classic & Cult TV, TV Comedies",Frasier Crane is a snooty but lovable Seattle psychiatrist who dispenses advice on his call-in radio show while ignoring it in his own relationships.
s6804,TV Show,FRIDAY NIGHT TYKES,Friday Night Tykes,Friday Night Tykes,Friday Night Tykes,SRV,SRV,United States," January 17, 2018",2017,TV-PG,4 Seasons,"Docuseries, Reality TV","This docuseries dives into the cutthroat world of Texas youth football, where kids face grueling demands and pressure from coaches and parents to win."
s6886,TV Show,GOSSIP GIRL,Gossip Girl,Gossip Girl,Gossip Girl,SRV,"Blake Lively, Leighton Meester, Penn Badgley, Chace Crawford, Ed Westwick, Kelly Rutherford, Matthew Settle, Taylor Momsen, Jessica Szohr, Zuzanna Szadkowski, Connor Paolo",United States," October 8, 2013",2012,TV-14,6 Seasons,"TV Dramas, Teen TV Shows",A group of hyperprivileged Manhattan private-school kids seem to get away with everything. Except an anonymous blogger is watching their every move.
s6936,TV Show,HART OF DIXIE,Hart of Dixie,Hart Of Dixie,Hart of Dixie,SRV,"Rachel Bilson, Jaime King, Cress Williams, Wilson Bethel, Scott Porter, Tim Matheson, Kaitlyn Black, Ross Philips",United States," December 15, 2015",2014,TV-PG,4 Seasons,"TV Comedies, TV Dramas",Fast-talking city girl Zoe Hart winds up patching up the locals of a tiny town in the Deep South when she inherits a medical practice in Alabama.
s7322,TV Show,LIV AND MADDIE,Liv and Maddie,Liv And Maddie,Liv and Maddie,SRV,"Dove Cameron, Joey Bragg, Tenzing Norgay Trainor, Kali Rocha, Benjamin King",United States,"April 23, 2017",2017,TV-G,4 Seasons,"Kids' TV, TV Comedies","After four years in Hollywood as a television star, Liv returns to Wisconsin to discover that either she ‚Äì or her family ‚Äì has changed."
s7407,TV Show,MARON,Maron,Maron,Maron,SRV,"Marc Maron, Judd Hirsch, Josh Brener, Nora Zehetner, Andy Kindler",United States,SRV,2016,TV-MA,4 Seasons,TV Comedies,"Marc Maron stars as Marc Maron, who interviews fellow comedians for his popular podcast, only to reveal more about his own neuroses and relationships."
s7843,TV Show,RECTIFY,Rectify,Rectify,Rectify,SRV,"Aden Young, Abigail Spencer, J. Smith-Cameron, Clayne Crawford, Luke Kirby, Adelaide Clemens, Jake Austin Walker, Jayson Warner Smith, Bruce McKinnon, J.D. Evermore, Michael O'Neill, Sean Bridgers, Johnny Ray Gill, Sharon Conley, Michael Vartan",United States,"March 4, 2017",2016,TV-MA,4 Seasons,"Crime TV Shows, TV Dramas, TV Mysteries","Convicted of rape and murder at age 18, Daniel Holden spends nearly 20 years on death row until DNA evidence brings the verdict into question."
s7848,TV Show,RED VS. BLUE,Red vs. Blue,Red Vs. Blue,Red vs. Blue,SRV,"Burnie Burns, Jason Salda√±a, Gustavo Sorola, Geoff Lazer Ramsey, Joel Heyman, Matt Hullum, Dan Godwin, Kathleen Zuelch, Yomary Cruz, Nathan Zellner",United States,,2015,NR,13 Seasons,"TV Action & Adventure, TV Comedies, TV Sci-Fi & Fantasy","This parody of first-person shooter games, military life and science-fiction films centers on a civil war fought in the middle of a desolate canyon."
s7857,TV Show,REPUBLIC OF DOYLE,Republic of Doyle,Republic Of Doyle,Republic of Doyle,SRV,"Allan Hawco, Krystin Pellerin, Marthe Bernard, Mark O'Brien, Sean McGinley, Lynda Boyd, Bob Cole, Steve O'Connell, Sean Panting, Rachel Wilson",Canada,"May 28, 2020",2014,TV-14,6 Seasons,"Crime TV Shows, TV Comedies, TV Dramas",A pair of father and son private investigators tries to keep their combustible personal lives in check while tackling an intriguing array of cases.
s7868,TV Show,"RICA, FAMOSA, LATINA","Rica, Famosa, Latina","Rica, Famosa, Latina","Rica, Famosa, Latina",SRV,SRV,United States,"April 26, 2019",2016,TV-MA,4 Seasons,"International TV Shows, Reality TV, Spanish-Language TV Shows","This reality series follows the lives of a group of wealthy, successful Latina women in Los Angeles."
s8003,TV Show,SHERLOCK,Sherlock,Sherlock,Sherlock,SRV,"Benedict Cumberbatch, Martin Freeman, Una Stubbs, Rupert Graves, Mark Gatiss, Andrew Scott","United Kingdom, United States","May 15, 2017",2017,TV-14,4 Seasons,"British TV Shows, Crime TV Shows, International TV Shows","In this updated take on Sir Arthur Conan Doyle's beloved mystery tales, the eccentric sleuth prowls the streets of modern London in search of clues."
s8065,TV Show,SPARTACUS,Spartacus,Spartacus,Spartacus,SRV,"Andy Whitfield, Liam McIntyre, Dustin Clare, John Hannah, Manu Bennett, Lucy Lawless, Peter Mensah, Nick E. Tarabay, Viva Bianca, Lesley-Ann Brandt, Jai Courtney, Daniel Feuerriegel",United States," February 1, 2015",2013,TV-MA,4 Seasons,"TV Action & Adventure, TV Dramas","A Thracian man is condemned to a brutal death in the arena, only to outlast his executioners and be reborn as the enslaved gladiator Spartacus."
s8332,TV Show,THE GREAT BRITISH BAKING SHOW: MASTERCLASS,The Great British Baking Show: Masterclass,The Great British Baking Show: Masterclass,The Great British Baking Show: Masterclass,SRV,"Mary Berry, Paul Hollywood",United Kingdom,"December 1, 2018",2018,TV-PG,4 Seasons,"British TV Shows, Reality TV",Hosts Mary Berry and Paul Hollywood leave the tent and go into the kitchen to put their professional spin on baking techniques used in the show.
s8379,TV Show,THE L WORD,The L Word,The L Word,The L Word,SRV,"Jennifer Beals, Leisha Hailey, Laurel Holloman, Mia Kirshner, Katherine Moennig, Pam Grier, Rachel Shelley, Daniela Sea, Erin Daniels, Marlee Matlin","Canada, United States"," March 20, 2018",2009,TV-MA,6 Seasons,"Romantic TV Shows, TV Dramas",This trailblazing series follows the tangled lives and ever-changing relationships among a close-knit group of lesbians who call Los Angeles home.
s8540,TV Show,THE TUDORS,The Tudors,The Tudors,The Tudors,SRV,"Jonathan Rhys Meyers, Henry Cavill, James Frain, Anthony Brophy, Guy Carleton, Sarah Bolger, Natalie Dormer, Max Brown, Nick Dunning, Rod Hallett, Maria Doyle Kennedy, Simon Ward","Ireland, Canada, United States, United Kingdom"," January 8, 2018",2010,TV-MA,4 Seasons,TV Dramas,All the splendor and scandal of England's 16th-century royal court comes to life in this series that follows notorious Tudor monarch Henry VIII.
s8542,TV Show,THE TWILIGHT ZONE (ORIGINAL SERIES),The Twilight Zone (Original Series),The Twilight Zone (Original Series),The Twilight Zone (Original Series),SRV,Rod Serling,United States,"July 1, 2017",1963,TV-14,4 Seasons,"Classic & Cult TV, TV Sci-Fi & Fantasy","Hosted by creator Rod Serling, this groundbreaking anthology series presents tales of the supernatural that are often tinged with social commentary."
s8654,TV Show,UGLY DUCKLING,Ugly Duckling,Ugly Duckling,Ugly Duckling,SRV,"Mook Worranit Thawornwong, Puttichai Kasetsin, Natcha Juntapan, Neen Suwanamas, Esther Supreeleela, Shaun Jindachote, Lapassalal Jiravechsoontornkul, Chatchawit Techarukpong",Thailand,"February 15, 2019",2015,TV-14,4 Seasons,"International TV Shows, Romantic TV Shows, TV Dramas","Young women face up to their insecurities and circumstances, finding love and laughs along the way. Featuring a different storyline every season."
,,,,,,,,,,,,,,
,,,,,,,,,,,,,,
,,,,,,,,,,,,,,
Missing director names,,I've replaced the missing directors name with SRV,,,,,,,,,,,,
